{"cameraMode":{"drawMode":0,"name":"Shaded","section":"Shading Mode"},"sceneLighting":true,"audioPlay":false,"sceneViewState":{"showFog":true,"showMaterialUpdate":false,"showSkybox":true,"showFlares":true,"showImageEffects":true,"showParticleSystems":true},"in2DMode":false,"pivot":{"x":491.4854736328125,"y":315.305419921875,"z":45.18117141723633},"rotation":{"x":-0.1408238559961319,"y":0.06644182652235031,"z":-0.009473220445215702,"w":-0.9877573251724243},"size":1074.1314697265625,"orthographic":false}