{"cameraMode":{"drawMode":1,"name":"Wireframe","section":"Shading Mode"},"sceneLighting":false,"audioPlay":false,"sceneViewState":{"showFog":false,"showMaterialUpdate":false,"showSkybox":false,"showFlares":false,"showImageEffects":false,"showParticleSystems":true},"in2DMode":false,"pivot":{"x":254.22312927246095,"y":481.7428283691406,"z":37.32952117919922},"rotation":{"x":-0.14808639883995057,"y":-0.11841359734535217,"z":0.017859837040305139,"w":-0.9816973805427551},"size":446.32696533203127,"orthographic":false}